,COLUMN_NAME,TOP_N_VALUES
0,CONTRACT_NUMBER,"[
  [
    ""3166683"",
    52365
  ],
  [
    ""3560589"",
    49186
  ],
  [
    ""3628345"",
    46326
  ],
  [
    ""2064110"",
    43000
  ],
  [
    ""05555555"",
    41658
  ],
  [
    ""3"",
    35973
  ],
  [
    ""4"",
    35571
  ],
  [
    ""3877506"",
    33948
  ],
  [
    ""3894276"",
    33930
  ],
  [
    ""3898086"",
    33262
  ]
]"
1,ORDER_CODE,"[
  [
    ""Generic_18_Generic Triggers - ALL APR-2024"",
    221054
  ],
  [
    ""Generic_18_Generic Triggers - ALL JUL-2024"",
    119284
  ],
  [
    ""Generic_24_Generic Triggers - ALL APR-2024"",
    71430
  ],
  [
    ""28393012"",
    39164
  ],
  [
    ""05555555  2023_08_04"",
    31838
  ],
  [
    ""27794488"",
    30718
  ],
  [
    ""27924360"",
    30355
  ],
  [
    ""28322910"",
    30205
  ],
  [
    ""28405283"",
    30201
  ],
  [
    ""28316457"",
    30201
  ]
]"
2,AMOUNT_UNIT_TYPE,"[
  [
    ""USD"",
    23281564
  ],
  [
    ""EUR"",
    5338286
  ],
  [
    ""JPY"",
    2416882
  ],
  [
    ""GBP"",
    1901328
  ],
  [
    ""AUD"",
    788318
  ],
  [
    ""INR"",
    437488
  ],
  [
    ""BRL"",
    367300
  ],
  [
    ""QUANTITY"",
    265606
  ],
  [
    ""NUMBER"",
    182142
  ],
  [
    ""CAD"",
    121396
  ]
]"
3,EARNING_GROUP,"[
  [
    ""ACV"",
    31193357
  ],
  [
    ""MY2"",
    1502996
  ],
  [
    ""MY3"",
    948586
  ],
  [
    ""Territory ACV"",
    251891
  ],
  [
    ""MY4"",
    223875
  ],
  [
    ""New Logo"",
    152963
  ],
  [
    ""MY5"",
    140434
  ],
  [
    ""CSG Services"",
    125775
  ],
  [
    ""Pooled ACV"",
    125430
  ],
  [
    ""Retail Bookings"",
    61281
  ]
]"
4,SUBCLOUD,"[
  [
    ""AR"",
    10167575
  ],
  [
    ""A"",
    4768070
  ],
  [
    ""TA"",
    4237345
  ],
  [
    ""C"",
    3558181
  ],
  [
    ""O1"",
    2654626
  ],
  [
    ""B"",
    1197852
  ],
  [
    ""B7"",
    1074428
  ],
  [
    ""BC"",
    958743
  ],
  [
    ""S"",
    856277
  ],
  [
    ""P"",
    823664
  ]
]"
5,PAYMENT_CURRENCY,"[
  [
    ""USD"",
    19181322
  ],
  [
    ""EUR"",
    7456830
  ],
  [
    ""GBP"",
    3079084
  ],
  [
    ""CAD"",
    1478546
  ],
  [
    ""JPY"",
    1266398
  ],
  [
    ""AUD"",
    904032
  ],
  [
    ""CHF"",
    472385
  ],
  [
    ""INR"",
    384441
  ],
  [
    ""SGD"",
    226521
  ],
  [
    ""ARS"",
    209807
  ]
]"
6,FORMATTED_EARNING_GROUP,"[
  [
    ""ACV"",
    31193357
  ],
  [
    ""MY2"",
    1502996
  ],
  [
    ""MY3"",
    948586
  ],
  [
    ""Territory ACV"",
    251891
  ],
  [
    ""MY4"",
    223875
  ],
  [
    ""New Logo"",
    152963
  ],
  [
    ""MY5"",
    140434
  ],
  [
    ""CSG Services"",
    125775
  ],
  [
    ""Pooled ACV"",
    125430
  ],
  [
    ""Retail Bookings"",
    61281
  ]
]"
7,POSITION_NAME,"[
  [
    ""100367"",
    1061620
  ],
  [
    ""102876"",
    1045564
  ],
  [
    ""713688"",
    1044668
  ],
  [
    ""734763"",
    993011
  ],
  [
    ""753521"",
    834894
  ],
  [
    ""772471"",
    834689
  ],
  [
    ""102423__1"",
    832381
  ],
  [
    ""720328"",
    519596
  ],
  [
    ""100274__2"",
    419556
  ],
  [
    ""100274"",
    262755
  ]
]"
8,API,"[
  [
    ""PPP1"",
    34867924
  ],
  [
    ""PPP2"",
    347743
  ]
]"
9,COMMISSION_CURRENCY,"[
  [
    ""USD"",
    31004851
  ],
  [
    ""EUR"",
    1935138
  ],
  [
    ""JPY"",
    980649
  ],
  [
    ""GBP"",
    539182
  ],
  [
    ""AUD"",
    449386
  ],
  [
    ""CAD"",
    184406
  ],
  [
    ""BRL"",
    115732
  ],
  [
    ""SGD"",
    1166
  ],
  [
    ""CHF"",
    1048
  ],
  [
    ""INR"",
    932
  ]
]"
10,CONTRACT_START_DATE,"[
  [
    ""2024-02-01"",
    864184
  ],
  [
    ""2035-12-31"",
    681785
  ],
  [
    ""2023-08-01"",
    519270
  ],
  [
    ""2024-01-31"",
    484505
  ],
  [
    ""2024-01-01"",
    470511
  ],
  [
    ""2023-11-01"",
    452670
  ],
  [
    ""2024-02-15"",
    383659
  ],
  [
    ""2023-02-01"",
    347930
  ],
  [
    ""2023-05-01"",
    347409
  ],
  [
    ""2023-07-01"",
    335503
  ]
]"
11,MAN_CALC_REASON_CODE,"[
  [
    ""Man Adj_New contract_ACV_AOV_TCV related"",
    12399
  ],
  [
    ""Man Adj_Non contract based_Other"",
    4524
  ],
  [
    ""Man Adj_Renewals related"",
    163
  ],
  [
    ""Man Calc - Renewals - MS"",
    10
  ],
  [
    ""Man Calc - New Contract - MS"",
    6
  ],
  [
    ""Man Calc - Non Contract - MS"",
    2
  ],
  [
    ""Renewal Advances"",
    2
  ]
]"
12,ROLE,"[
  [
    ""Customer Advisors-MGR-ACV-At"",
    4539198
  ],
  [
    ""Alliances & Channels-IC-AISV-PB"",
    2678997
  ],
  [
    ""Salesperson-IC-ACVQ1-ACVQ2-KSO"",
    2452816
  ],
  [
    ""Salesperson-MGR-ACVQ1-ACVQ2-MY-R-PC"",
    2068833
  ],
  [
    ""Alliances & Channels-IC-AISV-KSO"",
    1741118
  ],
  [
    ""Salesperson-MGR-ACV-MY-NL-PC"",
    1622971
  ],
  [
    ""Salesperson-MGR-ACVQ1-ACVQ2-KSO"",
    1571072
  ],
  [
    ""Alliances & Channels-MGR-AISV-KSO"",
    1084104
  ],
  [
    ""Alliances & Channels-MGR-AISV-PB"",
    995076
  ],
  [
    ""Exception Execs-MGR-ACVQ1-ACVQ2-At-ESG-KSO"",
    987431
  ]
]"
13,BUSINESS_GROUP,"[
  [
    ""USD"",
    30999103
  ],
  [
    ""EUR"",
    1942933
  ],
  [
    ""JPY"",
    981522
  ],
  [
    ""GBP"",
    540165
  ],
  [
    ""AUD"",
    451066
  ],
  [
    ""CAD"",
    184723
  ],
  [
    ""BRL"",
    115810
  ],
  [
    ""CHF"",
    258
  ],
  [
    ""Ireland_EUR"",
    29
  ],
  [
    ""Ireland_GBP"",
    24
  ]
]"
14,BUSINESS_GROUP_EX_RATE,"[
  [
    1.000000000000000e+00,
    35215667
  ]
]"
15,FISCAL_YEAR,"[
  [
    ""FY25"",
    35215667
  ]
]"
16,RELATED_ITEM_CODE,"[
  [
    ""0005555555"",
    48088
  ],
  [
    ""0000000000"",
    44186
  ],
  [
    ""0"",
    32543
  ],
  [
    ""5555555"",
    20358
  ],
  [
    ""0000888888"",
    17713
  ],
  [
    ""0009999999"",
    3846
  ],
  [
    ""888888"",
    2751
  ],
  [
    ""9999999"",
    1448
  ],
  [
    ""0009886175"",
    1302
  ],
  [
    ""0009847555"",
    1300
  ]
]"
17,LOAD_TIMESTAMP,"[
  [
    ""2024-03-21 15:06:45.181"",
    29256997
  ],
  [
    ""2024-04-18 19:28:32.734"",
    1238527
  ],
  [
    ""2024-05-31 08:54:12.970"",
    1090918
  ],
  [
    ""2024-02-20 14:14:13.246"",
    1016400
  ],
  [
    ""2024-07-01 16:20:41.830"",
    423049
  ],
  [
    ""2024-07-31 15:11:27.285"",
    316622
  ],
  [
    ""2024-04-28 18:51:58.949"",
    311075
  ],
  [
    ""2024-09-23 07:16:04.669"",
    303839
  ],
  [
    ""2024-06-26 05:44:22.343"",
    286486
  ],
  [
    ""2024-08-30 03:59:03.992"",
    279391
  ]
]"
18,ORIGINAL_CONTRACT_END_DATE,"[
  [
    ""2024-07-31"",
    5858
  ],
  [
    ""2026-01-14"",
    5564
  ],
  [
    ""2025-02-14"",
    4804
  ],
  [
    ""2025-01-31"",
    3749
  ],
  [
    ""2024-01-31"",
    3584
  ],
  [
    ""2024-04-30"",
    3225
  ],
  [
    ""2024-05-15"",
    3122
  ],
  [
    ""2026-01-30"",
    3092
  ],
  [
    ""2024-05-09"",
    2887
  ],
  [
    ""2026-01-31"",
    2811
  ]
]"
19,ACCOUNT_NUMBER,"[
  [
    ""4-646672"",
    83933
  ],
  [
    ""4-362750"",
    73603
  ],
  [
    ""4-404952"",
    65217
  ],
  [
    ""4-325893"",
    60957
  ],
  [
    ""4-634944"",
    51249
  ],
  [
    ""4-709375"",
    48718
  ],
  [
    ""4-618240"",
    44344
  ],
  [
    ""4-367550"",
    43807
  ],
  [
    ""4-382029"",
    43129
  ],
  [
    ""4-287146"",
    42407
  ]
]"
20,ITEM_PAYMENT_EX_RATE,"[
  [
    1.000000000000000e+00,
    25227897
  ],
  [
    1.020408160000000e+00,
    3572645
  ],
  [
    8.928571400000000e-01,
    1268677
  ],
  [
    1.470000235000000e+02,
    1148825
  ],
  [
    9.800000000000000e-01,
    522882
  ],
  [
    9.433962259999999e-01,
    459753
  ],
  [
    8.333333333000000e+01,
    433108
  ],
  [
    1.562500000000000e+00,
    368908
  ],
  [
    1.489999866000000e+02,
    343842
  ],
  [
    5.263157890000000e+00,
    194478
  ]
]"
21,COMPENSATION_CATEGORY,"[
  [
    ""License"",
    33260434
  ],
  [
    ""ADJ_QUOTA_COMM"",
    756809
  ],
  [
    ""Usage"",
    517219
  ],
  [
    ""ADJ_BONUS"",
    124269
  ],
  [
    ""Services"",
    38366
  ],
  [
    ""Training"",
    13813
  ]
]"
22,BUSINESS_GROUP_CURRENCY,"[
  [
    ""USD"",
    30999127
  ],
  [
    ""EUR"",
    1942964
  ],
  [
    ""JPY"",
    981522
  ],
  [
    ""GBP"",
    540189
  ],
  [
    ""AUD"",
    451066
  ],
  [
    ""CAD"",
    184731
  ],
  [
    ""BRL"",
    115810
  ],
  [
    ""CHF"",
    258
  ]
]"
23,PAYMENT_AMOUNT,"[
  [
    3.795000000000000e-02,
    37616
  ],
  [
    8.584187227999199e+01,
    20510
  ],
  [
    2.682595758746400e+01,
    20459
  ],
  [
    1.770492340774500e+02,
    20455
  ],
  [
    4.638356165404001e-02,
    20446
  ],
  [
    2.294900000000000e-01,
    20446
  ],
  [
    3.844383562489601e-01,
    20443
  ],
  [
    1.691506849687200e+00,
    20442
  ],
  [
    8.368190000000000e+00,
    20442
  ],
  [
    1.281506849597000e-01,
    20441
  ]
]"
24,IS_REDUCTION_ORDER,"[
  [
    ""0"",
    30633459
  ],
  [
    ""1"",
    273541
  ]
]"
25,DEPARTMENT_NUMBER,"[
  [
    ""5008"",
    4540104
  ],
  [
    ""6200"",
    3810781
  ],
  [
    ""5051"",
    2878208
  ],
  [
    ""5000"",
    2327572
  ],
  [
    ""5506"",
    2222486
  ],
  [
    ""5003"",
    2074921
  ],
  [
    ""5400"",
    2029009
  ],
  [
    ""5054"",
    1540585
  ],
  [
    ""5402"",
    1310399
  ],
  [
    ""5501"",
    1048241
  ]
]"
26,PRODUCT_FAMILY,"[
  [
    ""Custom Cloud"",
    15034693
  ],
  [
    ""Tableau"",
    4354741
  ],
  [
    ""Sales Cloud"",
    4214144
  ],
  [
    ""Success Cloud"",
    2532172
  ],
  [
    ""MC ExactTarget"",
    1887220
  ],
  [
    ""Service Cloud"",
    1775759
  ],
  [
    ""Full CRM"",
    1231403
  ],
  [
    ""Communities"",
    858529
  ],
  [
    ""Mulesoft"",
    677669
  ],
  [
    ""Analytics"",
    414489
  ]
]"
27,PROCESS_TYPE,"[
  [
    ""Systematic"",
    34272088
  ],
  [
    ""Manual"",
    943579
  ]
]"
28,ACV_END_DATE,"[
  [
    ""2025-01-31"",
    1172179
  ],
  [
    ""2025-01-30"",
    650220
  ],
  [
    ""2024-07-31"",
    560290
  ],
  [
    ""2024-12-31"",
    550952
  ],
  [
    ""2025-02-14"",
    549658
  ],
  [
    ""2024-10-31"",
    527825
  ],
  [
    ""2025-02-13"",
    375172
  ],
  [
    ""2025-01-14"",
    363286
  ],
  [
    ""2024-04-30"",
    352310
  ],
  [
    ""2024-06-30"",
    338349
  ]
]"
29,PAYMENT_EX_RATE,"[
  [
    1.000000000000000e+00,
    22635292
  ],
  [
    1.020408160000000e+00,
    5139065
  ],
  [
    8.928571400000000e-01,
    2577566
  ],
  [
    1.369863010000000e+00,
    1166248
  ],
  [
    9.433962259999999e-01,
    547846
  ],
  [
    8.333333333000000e+01,
    383509
  ],
  [
    9.900990100000000e-01,
    381778
  ],
  [
    1.562500000000000e+00,
    318598
  ],
  [
    1.489999866000000e+02,
    258662
  ],
  [
    9.800000000000000e-01,
    206400
  ]
]"
30,ORDER_END_DATE,"[
  [
    ""2035-12-31"",
    728330
  ],
  [
    ""2025-01-31"",
    484806
  ],
  [
    ""2024-03-31"",
    341438
  ],
  [
    ""2024-12-31"",
    338550
  ],
  [
    ""2024-01-31"",
    336072
  ],
  [
    ""2027-01-31"",
    312136
  ],
  [
    ""2024-07-31"",
    285338
  ],
  [
    ""2024-02-29"",
    282300
  ],
  [
    ""2025-01-30"",
    260833
  ],
  [
    ""2024-06-30"",
    254981
  ]
]"
31,PRODUCT_NAME,"[
  [
    ""ISVForce - Platform"",
    4195927
  ],
  [
    ""Force.com Platform Embedded Edition - OEM"",
    2344045
  ],
  [
    ""Sales Cloud - Enterprise Edition"",
    1580523
  ],
  [
    ""Force.com Platform Embedded Edition (Admin User) - OEM"",
    1170994
  ],
  [
    ""Premier Success Plan - Fee"",
    991939
  ],
  [
    ""Sandbox (Full Copy) - Fee"",
    892336
  ],
  [
    ""Sandbox (Full Copy) - OEM - Fee"",
    831575
  ],
  [
    ""Tableau Cloud - Creator"",
    787173
  ],
  [
    ""Tableau - Creator (Server)"",
    753682
  ],
  [
    ""ISVForce - Service Cloud"",
    730467
  ]
]"
32,PRODUCT_LIST_PRICE,"[
  [
    9.990000000000000e+02,
    6407044
  ],
  [
    0.000000000000000e+00,
    5640630
  ],
  [
    1.500000000000000e+01,
    2555105
  ],
  [
    9.999000000000000e+03,
    1179557
  ],
  [
    6.250000000000000e+00,
    1119903
  ],
  [
    1.250000000000000e+01,
    799260
  ],
  [
    1.250000000000000e+00,
    770277
  ],
  [
    1.375000000000000e+01,
    723731
  ],
  [
    2.080000000000000e+00,
    631913
  ],
  [
    2.500000000000000e+01,
    581684
  ]
]"
33,ORDER_TYPE,"[
  [
    ""New Business"",
    24618287
  ],
  [
    ""Renewal/Upgrade"",
    8723216
  ],
  [
    ""ADJ_ACV"",
    587805
  ],
  [
    ""Attrition"",
    488329
  ],
  [
    ""SE Trigger 2"",
    181989
  ],
  [
    ""CSG Advance Trigger"",
    75535
  ],
  [
    ""ADJ-Retail Booking"",
    61281
  ],
  [
    ""ADJ_GTM_SERVICES_BOOKINGS"",
    56975
  ],
  [
    ""Pooled ACV Trigger"",
    55911
  ],
  [
    ""ADJ_ACV_CONTEST"",
    39469
  ]
]"
34,INCENTIVE_DATE,"[
  [
    ""2024-01-31"",
    2848460
  ],
  [
    ""2023-07-31"",
    1304103
  ],
  [
    ""2023-12-31"",
    1155566
  ],
  [
    ""2023-10-31"",
    1134855
  ],
  [
    ""2023-06-30"",
    753687
  ],
  [
    ""2023-04-30"",
    663907
  ],
  [
    ""2023-11-30"",
    649311
  ],
  [
    ""2023-09-30"",
    623496
  ],
  [
    ""2023-03-31"",
    591471
  ],
  [
    ""2023-08-31"",
    535684
  ]
]"
35,ORDER_DESCRIPTION,"[
  [
    ""YSN - Error - Xactly - System Bug - ACV over 100 percent on Order Term products for non-CPO employees - to cap at 100_ of the Order ACV _ACV100 FY24EY"",
    98115
  ],
  [
    ""YSN - Error - Xactly - System Bug - ACV over 100 percent on Order Term products for non-CPO employees - to cap at 100_ of the Order ACV _ACV100, H1 and Q3 reversal"",
    71945
  ],
  [
    ""MW - Error - Org62 - Manager Crediting - ACV100"",
    63061
  ],
  [
    ""YSN - Error - Xactly - System Bug - ACV over 100 percent on Order Term products for non-CPO employees - to cap at 100_ of the Order ACV _ACV100"",
    36005
  ],
  [
    ""MW - Error - Org62 - Manager Crediting - #ACV100"",
    31614
  ],
  [
    ""YSN - Error - Xactly - System Bug - ACV over 100 percent on Order Term products for non-CPO employees - to cap at 100% of the Order ACV #ACV100"",
    30906
  ],
  [
    ""BH - Other - Exception Process - Removing FY24 commissions"",
    29522
  ],
  [
    ""JS5 - Other - Pass Through Credits - GTM Bookings Credits"",
    28999
  ],
  [
    ""YSN - Error - Xactly - System Bug - ACV over 100 percent on Order Term products for non-CPO employees - Aug load reversal"",
    23923
  ],
  [
    ""AR1 - Other - Pass Through Credits - GTM Bookings Credits"",
    21357
  ]
]"
36,COMMISSIONS_ACCOUNTING_ID,"[
  [
    ""1205_401700_Ratable"",
    11453576
  ],
  [
    ""1660_400050_Term License"",
    2767552
  ],
  [
    ""1002_400001_Ratable"",
    2748841
  ],
  [
    ""1609_400001_Ratable"",
    1750838
  ],
  [
    ""1660_400001_Ratable"",
    1416250
  ],
  [
    ""2101_400001_Ratable"",
    1113022
  ],
  [
    ""1204_401700_Ratable"",
    1097409
  ],
  [
    ""2301_402100_Ratable"",
    935869
  ],
  [
    ""1506_400040_Ratable"",
    846940
  ],
  [
    ""1609_450001_Ratable"",
    820361
  ]
]"
37,QTR,"[
  [
    ""Q1"",
    31848943
  ],
  [
    ""Q2"",
    2204867
  ],
  [
    ""Q3"",
    1161857
  ]
]"
38,PARTICIPANT_NAME,"[
  [
    ""Jim Steele (100367)"",
    1061635
  ],
  [
    ""Polly Sumner (102876)"",
    1045578
  ],
  [
    ""Tony Fernicola (713688)"",
    1044680
  ],
  [
    ""Mia de Kuijper (734763)"",
    993017
  ],
  [
    ""Maurizio Pettorino (753521)"",
    834901
  ],
  [
    ""Craig Walker (772471)"",
    834695
  ],
  [
    ""Julie Hansen (102423)"",
    832681
  ],
  [
    ""Mark Recher (720328)"",
    519465
  ],
  [
    ""Warren Wick (100274)"",
    515348
  ],
  [
    ""Lori Steele (761537)"",
    250742
  ]
]"
39,PAYMENT_AMOUNT_USD,"[
  [
    1.000000000000000e-05,
    58172
  ],
  [
    1.410000000000000e-03,
    54983
  ],
  [
    7.180000000000000e-03,
    46093
  ],
  [
    1.280000000000000e-03,
    45122
  ],
  [
    1.287142853024000e-03,
    45122
  ],
  [
    2.748000000000000e-02,
    45121
  ],
  [
    3.980000000000000e-03,
    43502
  ],
  [
    1.880000000000000e-03,
    41481
  ],
  [
    2.190000000000000e-03,
    41481
  ],
  [
    3.490000000000000e-03,
    41303
  ]
]"
40,RENEWAL_START_DATE,[]
41,AMOUNT,"[
  [
    1.500000000000000e+01,
    717216
  ],
  [
    2.500000000000000e+01,
    460816
  ],
  [
    7.500000000000000e+01,
    424866
  ],
  [
    7.500000000000000e-01,
    375601
  ],
  [
    7.000000000000000e+01,
    364506
  ],
  [
    1.000000000000000e+00,
    353056
  ],
  [
    5.000000000000000e+00,
    309996
  ],
  [
    3.000000000000000e+00,
    307873
  ],
  [
    3.500000000000000e+01,
    270198
  ],
  [
    1.200000000000000e+01,
    267997
  ]
]"
42,CUSTOMER_NAME,"[
  [
    ""Accor SA"",
    113092
  ],
  [
    ""Veolia Environnement SA"",
    64271
  ],
  [
    ""DOCUmation Inc"",
    46801
  ],
  [
    ""Ford Motor Company"",
    43974
  ],
  [
    ""Takeda Pharmaceuticals International AG"",
    40135
  ],
  [
    ""The Bank of San Antonio"",
    39033
  ],
  [
    ""Caja Los Andes"",
    38542
  ],
  [
    ""HYUNDAI AUTOEVER CORPORATION."",
    33400
  ],
  [
    ""Fonterra Limited"",
    31699
  ],
  [
    ""Consolidated Edison Company of New York  Inc."",
    30427
  ]
]"
43,ORDER_START_DATE,"[
  [
    ""2024-02-01"",
    1206804
  ],
  [
    ""2024-01-01"",
    660622
  ],
  [
    ""2024-01-31"",
    653592
  ],
  [
    ""2023-08-01"",
    607009
  ],
  [
    ""2023-11-01"",
    585782
  ],
  [
    ""2024-02-15"",
    554443
  ],
  [
    ""2023-07-01"",
    406553
  ],
  [
    ""2023-05-01"",
    399079
  ],
  [
    ""2024-02-14"",
    374014
  ],
  [
    ""2024-04-01"",
    370306
  ]
]"
44,COMMISSION_AMOUNT,"[
  [
    8.520000000000000e-03,
    38936
  ],
  [
    -1.123000000000000e-02,
    37893
  ],
  [
    1.720000000000000e-03,
    35597
  ],
  [
    3.260000000000000e-03,
    35596
  ],
  [
    8.800000000000000e-04,
    35596
  ],
  [
    9.990000000000001e-03,
    35596
  ],
  [
    3.660000000000000e-03,
    35596
  ],
  [
    1.000000000000000e-04,
    35596
  ],
  [
    2.680000000000000e-03,
    35595
  ],
  [
    6.140000000000000e-03,
    27616
  ]
]"
45,ATTRITION_FISCAL_YEAR,"[
  [
    ""2024"",
    29972298
  ],
  [
    ""2025"",
    4632530
  ],
  [
    ""2023"",
    109953
  ],
  [
    ""2022"",
    15135
  ],
  [
    ""2021"",
    1548
  ],
  [
    ""2020"",
    251
  ],
  [
    ""2019"",
    83
  ],
  [
    ""2016"",
    5
  ],
  [
    ""2018"",
    2
  ]
]"
46,CLOSE_MONTH,"[
  [
    ""01-Feb"",
    30273397
  ],
  [
    ""03-Apr"",
    1551170
  ],
  [
    ""04-May"",
    1095212
  ],
  [
    ""05-Jun"",
    718477
  ],
  [
    ""08-Sep"",
    530897
  ],
  [
    ""07-Aug"",
    469849
  ],
  [
    ""06-Jul"",
    391178
  ],
  [
    ""09-Oct"",
    161111
  ],
  [
    ""02-Mar"",
    24376
  ]
]"
47,COMMISSION_PERIOD,"[
  [
    ""2024-01-01"",
    5438845
  ],
  [
    ""2023-07-01"",
    3179964
  ],
  [
    ""2023-10-01"",
    3109012
  ],
  [
    ""2023-12-01"",
    2883820
  ],
  [
    ""2023-06-01"",
    2468383
  ],
  [
    ""2023-04-01"",
    2387077
  ],
  [
    ""2023-09-01"",
    2291512
  ],
  [
    ""2023-05-01"",
    2212572
  ],
  [
    ""2023-11-01"",
    2197801
  ],
  [
    ""2023-03-01"",
    2133171
  ]
]"
48,ORDER_SUB_TYPE,"[
  [
    ""Add"",
    13329826
  ],
  [
    ""New"",
    9418410
  ],
  [
    ""Renewal"",
    7658850
  ],
  [
    ""Auto Renewal with Uplift"",
    965473
  ],
  [
    ""No_Roll"",
    720743
  ],
  [
    ""Swap"",
    641654
  ],
  [
    ""Early Renewal"",
    548293
  ],
  [
    ""Add-Attrition"",
    448012
  ],
  [
    ""Ramp"",
    446082
  ],
  [
    ""Early Renewal/Upgrade"",
    277741
  ]
]"
49,NUM_SEATS,"[
  [
    ""1"",
    11408178
  ],
  [
    ""2"",
    2833609
  ],
  [
    ""5"",
    1850314
  ],
  [
    ""3"",
    1581659
  ],
  [
    ""10"",
    1500967
  ],
  [
    ""4"",
    1240782
  ],
  [
    ""20"",
    698751
  ],
  [
    ""6"",
    578269
  ],
  [
    ""15"",
    562138
  ],
  [
    ""8"",
    448387
  ]
]"
50,REVENUE_OWNER,"[
  [
    ""AMER"",
    17531786
  ],
  [
    ""IE"",
    4209824
  ],
  [
    ""UK"",
    2763793
  ],
  [
    ""JAPAN"",
    2395664
  ],
  [
    ""FR"",
    1351574
  ],
  [
    ""DE"",
    1131521
  ],
  [
    ""ANZ"",
    933658
  ],
  [
    ""CANADA"",
    823777
  ],
  [
    ""ES"",
    638850
  ],
  [
    ""APAC"",
    625385
  ]
]"
51,ORDER_ITEM_ID,"[
  [
    ""MANUAL ADJUSTMENT"",
    997010
  ],
  [
    ""8023y000008DicSAAS"",
    26970
  ],
  [
    ""8023y000008U2pPAAS"",
    26968
  ],
  [
    ""8023y000007CluoAAC"",
    26967
  ],
  [
    ""8023y000008JXtcAAG"",
    26964
  ],
  [
    ""8023y0000081kT2AAI"",
    26964
  ],
  [
    ""8023y0000081kT1AAI"",
    26964
  ],
  [
    ""8023y000008JV7NAAW"",
    26963
  ],
  [
    ""8023y000008JV7MAAW"",
    26963
  ],
  [
    ""8023y000008JV3FAAW"",
    26963
  ]
]"
52,RELATED_CONTRACT_NUMBER,[]
53,CEO_NUMBER,"[
  [
    ""102332"",
    129332
  ],
  [
    ""100611"",
    125598
  ],
  [
    ""726013"",
    57531
  ],
  [
    ""703009"",
    57016
  ],
  [
    ""0010142321"",
    21316
  ],
  [
    ""0010142490"",
    21312
  ],
  [
    ""0010170426"",
    21308
  ],
  [
    ""0010170425"",
    21308
  ],
  [
    ""0010148084"",
    21306
  ],
  [
    ""0010141500"",
    21306
  ]
]"
54,SFDC_EMPLOYEE_ID,"[
  [
    ""100367"",
    1061636
  ],
  [
    ""102876"",
    1045579
  ],
  [
    ""713688"",
    1044677
  ],
  [
    ""734763"",
    993011
  ],
  [
    ""753521"",
    834895
  ],
  [
    ""772471"",
    834688
  ],
  [
    ""102423"",
    832665
  ],
  [
    ""720328"",
    519583
  ],
  [
    ""100274"",
    515401
  ],
  [
    ""761537"",
    245168
  ]
]"
55,RELATED_ORDER_CODE,"[
  [
    ""05555555"",
    67124
  ],
  [
    ""00888888"",
    18320
  ],
  [
    ""26399122"",
    15605
  ],
  [
    ""26399121"",
    8084
  ],
  [
    ""25351759"",
    4182
  ],
  [
    ""25887045"",
    4019
  ],
  [
    ""25658544"",
    3084
  ],
  [
    ""23291927"",
    2926
  ],
  [
    ""25324489"",
    2672
  ],
  [
    ""18407369"",
    2358
  ]
]"
56,FILE_NAME,"[
  [
    ""Xactly_Ad_Hoc_ALF_PPP_FEB-24_20240317_071411.txt.gz"",
    29256997
  ],
  [
    ""Xactly_Ad_Hoc_ALF_PPP_APR-24_20240418_164211.txt.gz"",
    1238527
  ],
  [
    ""Xactly_Ad_Hoc_ALF_PPP_MAY-24_20240530_221926.txt.gz"",
    1090918
  ],
  [
    ""Xactly_Ad_Hoc_ALF_PPP_FEB-24_20240219_132636.txt.gz"",
    1016400
  ],
  [
    ""Xactly_Ad_Hoc_ALF_PPP_JUN-24_20240629_142553.txt.gz"",
    423049
  ],
  [
    ""Xactly_Ad_Hoc_ALF_PPP_JUL-24_20240723_153956.txt.gz"",
    316622
  ],
  [
    ""Xactly_Ad_Hoc_ALF_PPP_APR-24_20240427_022003.txt.gz"",
    311075
  ],
  [
    ""Xactly_Ad_Hoc_ALF_PPP_SEP-24_20240923_041650.txt.gz"",
    303839
  ],
  [
    ""Xactly_Ad_Hoc_ALF_PPP_JUN-24_20240625_201626.txt.gz"",
    286486
  ],
  [
    ""Xactly_Ad_Hoc_ALF_PPP_AUG-24_20240830_032255.txt.gz"",
    279391
  ]
]"
57,MONTH,"[
  [
    ""2024-02-01"",
    30273397
  ],
  [
    ""2024-04-01"",
    1551170
  ],
  [
    ""2024-05-01"",
    1095212
  ],
  [
    ""2024-06-01"",
    718477
  ],
  [
    ""2024-09-01"",
    530897
  ],
  [
    ""2024-08-01"",
    469849
  ],
  [
    ""2024-07-01"",
    391178
  ],
  [
    ""2024-10-01"",
    161111
  ],
  [
    ""2024-03-01"",
    24376
  ]
]"
58,PRODUCT_SPECIALTY,"[
  [
    ""2301"",
    25172031
  ],
  [
    ""1660"",
    1765726
  ],
  [
    ""2115"",
    1124054
  ],
  [
    ""2111"",
    1071020
  ],
  [
    ""1609"",
    1069560
  ],
  [
    ""2110"",
    1003802
  ],
  [
    ""2113"",
    783540
  ],
  [
    ""2112"",
    478718
  ],
  [
    ""2205"",
    354574
  ],
  [
    ""1625"",
    294461
  ]
]"
59,AS_OF_DATE,"[
  [
    ""2024-03-17"",
    29256997
  ],
  [
    ""2024-04-18"",
    1238527
  ],
  [
    ""2024-05-31"",
    1090918
  ],
  [
    ""2024-02-20"",
    1016400
  ],
  [
    ""2024-07-01"",
    423049
  ],
  [
    ""2024-07-31"",
    316622
  ],
  [
    ""2024-04-28"",
    311075
  ],
  [
    ""2024-09-23"",
    303839
  ],
  [
    ""2024-06-26"",
    286486
  ],
  [
    ""2024-08-30"",
    279391
  ]
]"
60,ALF_TYPE,"[
  [
    ""AD HOC ALF1"",
    35178999
  ],
  [
    ""AD HOC ALF2"",
    36668
  ]
]"
61,PRODUCT_SKU,"[
  [
    ""100001804"",
    4195861
  ],
  [
    ""100001423"",
    2344009
  ],
  [
    ""200012625"",
    1580681
  ],
  [
    ""100001424"",
    1170812
  ],
  [
    ""8200001427"",
    991939
  ],
  [
    ""8200000512"",
    892336
  ],
  [
    ""100005395"",
    831415
  ],
  [
    ""200001770"",
    787673
  ],
  [
    ""200001773"",
    753664
  ],
  [
    ""8200001429"",
    731363
  ]
]"
62,BATCH_NAME,"[
  [
    ""2024 JAN API BATCH 2024-02-08"",
    5273767
  ],
  [
    ""2023 JUL API BATCH 2023-08-08"",
    3036049
  ],
  [
    ""2023 OCT API BATCH 2023-11-08"",
    3001831
  ],
  [
    ""2023 DEC API BATCH 2024-01-08"",
    2829900
  ],
  [
    ""2023 JUN API BATCH 2023-07-10"",
    2391902
  ],
  [
    ""2023 APR API BATCH 2023-05-05"",
    2245699
  ],
  [
    ""2023 SEP API BATCH 2023-10-06"",
    2237879
  ],
  [
    ""2023 NOV API BATCH 2023-12-07"",
    2151066
  ],
  [
    ""2023 MAY API BATCH 2023-06-07"",
    2121884
  ],
  [
    ""2023 MAR API BATCH 2023-04-07"",
    2055796
  ]
]"
